,0,1,2,3,4
0,4.024827,0.0,18.290712,9.2549925,2.783478
1,4.596261,0.0,20.997503,10.673875,3.4126916
2,7.7928596,0.0,35.831726,19.19473,5.2835555
3,4.823759,0.0,21.026237,10.433108,3.501962
4,4.524062,0.0,21.06773,10.78367,3.4343271
5,6.441256,0.0,29.91462,16.146656,4.5364475
6,7.373424,0.0,33.39011,16.545721,5.46515
7,8.701458,0.0,39.75996,19.651537,6.2465115
8,7.7949104,0.0,34.67053,17.089788,5.863384
9,3.4425697,0.0,15.24354,7.805237,2.5685632
10,3.3478446,0.0,13.290099,6.234103,2.0235715
11,5.6972785,0.0,27.145618,13.904636,4.2444906
12,3.949749,0.0,16.388027,7.8810563,2.5070522
13,6.5365825,0.0,29.58263,14.519935,4.5525193
14,5.8396072,0.0,27.823154,15.076593,4.3625083
15,1.8886083,0.0,7.7097087,3.9515855,1.1813087
16,4.06215,0.0,16.648012,7.8878093,2.589758
17,4.9179335,0.0,20.3167,9.5939045,3.1481998
18,3.8851452,0.0,16.43052,7.9594502,2.5480285
19,1.9039409,0.0,6.6480603,3.037177,0.9644691
20,2.4197147,0.0,9.958828,4.9177356,1.4729974
21,2.792367,0.0,11.209451,5.380579,1.7117656
22,2.1193469,0.0,7.8029094,3.6503618,1.1489259
23,2.1721256,0.0,8.386919,4.045447,1.2308221
24,7.437397,0.0,34.25472,18.411938,5.5206904
25,7.6636677,0.0,34.734028,16.995005,5.391305
26,4.658616,0.0,20.668983,10.281747,3.229495
27,5.9295087,0.0,26.19631,12.759835,4.099448
28,2.635886,0.0,10.08841,4.7212358,1.5544764
29,3.4381945,0.0,14.341475,6.9916277,2.2517838
30,3.8803205,0.0,16.36737,7.879465,2.5539224
31,3.0707257,0.0,12.274828,5.809265,1.8025433
32,3.2666166,0.0,13.228565,6.3041873,2.008345
33,3.8500304,0.0,16.263002,7.8854785,2.5440276
34,3.618245,0.0,14.865413,7.1280136,2.3505888
35,2.3182607,0.0,8.588384,3.9657257,1.2322308
36,4.34355,0.0,18.797916,9.1299305,2.8330183
37,2.5678287,0.0,9.280674,4.1988688,1.3908967
38,2.5017257,0.0,9.373283,4.3318224,1.3719738
39,4.597786,0.0,19.049751,9.016999,2.9811985
40,3.7083642,0.0,15.0121565,7.1054916,2.2752268
41,3.3924224,0.0,14.093156,6.842448,2.2123113
42,3.0091524,0.0,12.593645,6.1966925,1.9342766
43,1.5866169,0.0,5.578703,2.643696,0.78323543
44,2.8386338,0.0,11.424976,5.5395823,1.7747469
45,3.202775,0.0,13.318958,6.440768,1.9857317
46,3.2009046,0.0,12.897229,6.1126885,1.952768
47,3.6520832,0.0,15.934786,7.8881483,2.4396985
48,2.388438,0.0,9.380561,4.529252,1.4140393
49,2.5907125,0.0,11.069156,5.5696707,1.6715914
50,3.8519702,0.0,17.324083,8.771143,2.7485762
51,4.20297,0.0,18.79901,9.436458,3.0374115
52,2.8575175,0.0,11.905311,5.895006,1.8509406
53,3.389922,0.0,14.7876215,7.433223,2.3907099
54,2.279839,0.0,9.4963455,4.7875214,1.4485059
55,2.6215997,0.0,11.767885,6.077255,1.8022277
56,3.1806288,0.0,14.118927,7.1622143,2.1654174
57,2.3104365,0.0,9.8803625,5.0907483,1.5233194
58,3.3328955,0.0,14.96072,7.6374087,2.3685665
59,1.6820574,0.0,6.540095,3.3035815,0.97159374
60,1.6757014,0.0,6.6815166,3.4374127,1.0133443
61,3.280273,0.0,14.763423,7.5846567,2.3533006
62,3.1637828,0.0,13.827466,6.972859,2.214878
63,2.9071548,0.0,13.117077,6.7615786,1.9825605
64,4.277159,0.0,19.350237,9.789784,3.0954897
65,2.3869524,0.0,9.864801,4.942965,1.4539994
66,2.9497535,0.0,12.660363,6.358192,2.0262616
67,1.9968476,0.0,8.302528,4.243893,1.2591265
68,5.880053,0.0,26.918682,13.5802765,4.566067
69,4.4458566,0.0,19.54122,9.826201,3.3375905
70,4.462728,0.0,19.827978,9.90334,3.2358568
71,5.547316,0.0,26.700422,15.162476,4.31046
72,7.1608887,0.0,34.18446,19.168848,6.2994275
73,6.821054,0.0,32.623825,18.483286,6.023108
74,7.933553,0.0,36.39312,19.93061,6.362983
75,6.604393,0.0,28.178215,14.019973,4.217866
76,7.4831557,0.0,34.54198,18.985323,6.136134
77,4.8833365,0.0,21.11582,10.269855,3.2779884
78,7.4514985,0.0,35.18821,19.112995,6.2713385
79,6.6431623,0.0,31.482702,16.719044,5.295152
80,4.7755976,0.0,20.840532,10.36357,3.5053227
81,6.9413424,0.0,31.314526,15.490638,5.0930347
82,7.32997,0.0,34.30724,18.423815,5.383964
83,8.0406275,0.0,36.537277,18.114145,6.1628423
84,6.790642,0.0,31.083315,15.528321,5.131535
85,6.5360994,0.0,31.94897,17.025305,4.9456773
86,8.489648,0.0,38.597103,20.364876,6.324027
87,6.7359533,0.0,30.495089,15.091335,4.798949
88,6.3853407,0.0,30.220596,16.013882,4.995866
89,7.515956,0.0,36.340893,18.945568,5.86558
90,7.34985,0.0,34.373898,17.392464,5.483759
91,6.576537,0.0,31.109283,16.70288,4.853788
92,6.457741,0.0,30.886503,16.484814,5.120252
93,7.6755238,0.0,36.961315,19.857794,5.5011272
94,7.1193523,0.0,32.90412,18.07506,5.1976304
95,6.075657,0.0,29.72275,16.007494,4.7427864
96,8.854137,0.0,38.29418,18.267023,6.133001
97,8.211468,0.0,37.790676,19.623878,6.3212123
98,7.8062334,0.0,35.83301,17.85109,5.9262447
99,7.4767613,0.0,35.597233,19.132719,5.4704094
100,7.3386116,0.0,34.175655,18.453796,5.5334926
101,8.564247,0.0,40.029667,20.233395,6.700149
102,7.9764113,0.0,35.171093,16.80049,5.3695917
103,8.34047,0.0,38.15117,21.426466,5.321871
104,7.3559904,0.0,34.65861,18.482254,5.4169636
105,0.0,0.0,51.459755,20.825235,20.515064
106,8.985398,0.0,37.29333,17.34015,6.2447877
107,7.5553946,0.0,36.20771,18.373077,5.779148
108,7.0170283,0.0,33.525818,17.91462,5.3006806
109,5.8221035,0.0,26.096684,12.998029,4.3150353
110,6.8348074,0.0,34.02039,18.136305,5.3902926
111,3.3492484,0.0,14.649049,7.3480115,2.2867436
112,4.764758,0.0,21.509182,10.8170185,3.3576171
113,6.3138084,0.0,29.16159,14.748502,4.736444
114,4.923255,0.0,23.03164,11.739717,3.585203
115,1.2422087,0.0,4.415545,2.2559268,0.65719
116,6.6553316,0.0,31.402906,15.863404,4.877404
117,4.9708543,0.0,22.658255,11.431633,3.5437558
118,1.8436852,0.0,7.325544,3.7161674,1.0907356
119,4.7865214,0.0,20.547646,10.000948,3.122138
120,5.6067715,0.0,28.697031,15.890235,4.916193
121,7.356328,0.0,32.290695,18.492348,5.5171695
122,6.824437,0.0,29.013048,13.937319,4.662958
123,6.9545193,0.0,36.530533,19.838419,4.6997585
124,7.8184032,0.0,32.333767,15.267919,4.8998575
125,6.713982,0.0,28.69417,13.977032,4.288318
126,7.268996,0.0,28.96121,14.134515,4.146184
127,7.512535,0.0,35.65158,18.676674,6.395237
128,6.539912,0.0,28.104694,13.566835,4.2968574
129,3.3838708,0.0,16.910604,9.933297,3.4455364
130,2.879003,0.0,13.610981,7.555658,2.704595
131,3.5814114,0.0,14.487549,7.0838804,2.143096
132,6.735599,0.0,32.639545,17.328259,6.0723414
133,4.445459,0.0,21.805216,12.4357,4.125245
134,5.496662,0.0,27.13412,14.007646,3.8999465
135,6.0418243,0.0,28.048075,16.275959,4.8887405
136,4.857083,0.0,18.509403,8.690784,2.740122
137,5.3183923,0.0,21.94957,10.570932,3.4477475
138,3.8015654,0.0,19.042313,10.981624,3.5502722
139,6.6453295,0.0,31.531107,17.33273,5.355448
140,6.5320306,0.0,26.653166,13.139897,3.936425
141,4.2674046,0.0,21.208824,12.259453,3.8933713
142,7.100821,0.0,32.51755,18.231861,6.0115
143,4.712158,0.0,22.136524,12.959412,4.110929
144,5.762071,0.0,23.96523,11.970106,3.4269485
145,5.2636766,0.0,25.302423,14.351759,4.514511
146,5.643527,0.0,27.728245,15.702664,5.1144276
147,6.097892,0.0,28.633724,15.762306,5.482246
148,5.738965,0.0,31.343222,17.399225,4.163459
149,5.009351,0.0,25.54213,14.59796,4.8535705
150,6.7326684,0.0,28.475893,14.510803,4.065478
151,6.6048617,0.0,31.911797,17.63139,5.552455
152,5.6426907,0.0,24.027985,12.154306,3.4929183
153,6.8098273,0.0,32.907764,18.025373,5.9675093
154,6.4728384,0.0,29.882734,17.428406,5.368581
155,3.7788527,0.0,19.476727,11.767241,3.9491208
156,4.548294,0.0,22.625885,12.995805,4.3669333
157,6.9708266,0.0,32.625237,19.047626,5.4999537
158,6.956652,0.0,32.95173,18.648088,5.2460403
159,5.5826683,0.0,27.288223,15.592756,5.621241
160,5.470684,0.0,30.130318,16.4942,3.5243225
161,7.009979,0.0,32.9955,18.288605,6.205075
162,8.26876,0.0,35.951477,20.285187,6.1858025
163,4.9198456,0.0,24.28421,13.825574,4.667106
164,6.2133236,0.0,29.918015,16.843554,5.7224164
165,7.165616,0.0,31.949064,18.535175,5.945188
166,7.5514073,0.0,39.612965,21.246744,5.133783
167,6.0558863,0.0,28.48128,16.353851,5.4283357
168,5.972513,0.0,28.215538,16.132755,5.2388897
169,8.839463,0.0,35.32756,16.371988,5.3722672
170,5.234852,0.0,25.92063,14.757823,5.0022674
171,6.065632,0.0,28.908321,16.752176,5.6585717
172,5.4207835,0.0,26.68558,15.667533,5.3066983
173,5.976062,0.0,27.516157,15.889102,5.4853835
174,4.64742,0.0,21.650291,12.697143,4.4972367
175,6.1586137,0.0,23.987354,11.209219,3.689287
176,7.076734,0.0,33.980015,18.627674,6.2471085
177,5.1124263,0.0,24.753496,14.765287,4.9161506
178,5.047877,0.0,28.617985,16.026737,3.3521655
179,7.950374,0.0,33.468857,15.778036,5.191205
180,6.201777,0.0,29.298862,16.67514,5.492027
181,4.948362,0.0,18.440556,8.721704,2.532031
182,6.1694994,0.0,29.441067,17.255121,5.805409
183,8.201412,0.0,32.104607,15.52385,4.8640504
184,4.7780356,0.0,23.135086,13.377833,4.5681734
185,6.1367493,0.0,24.815619,12.233309,3.7202642
186,5.307378,0.0,25.74389,14.64228,5.1096487
187,4.5636377,0.0,22.319012,12.859188,4.282597
188,4.763291,0.0,22.970634,13.47349,4.6794186
189,7.4732437,0.0,30.501415,14.869995,4.3788533
190,4.869141,0.0,23.13974,13.338771,4.5419517
191,4.4987216,0.0,21.430088,12.479947,4.2109413
192,3.847039,0.0,19.343597,11.253491,4.0170465
193,4.883141,0.0,24.960167,13.160619,3.5419137
194,3.214409,0.0,15.723042,9.493908,3.469905
195,3.2882307,0.0,19.035011,10.5826845,2.0140083
196,4.1106334,0.0,20.026987,12.053972,4.1504064
197,4.6785026,0.0,23.143019,13.04825,4.486901
198,5.261922,0.0,27.070345,14.8234415,3.946554
199,6.162647,0.0,29.803835,16.950438,5.445764
200,8.663717,0.0,35.35774,16.784958,5.1130095
201,3.2196777,0.0,15.2715435,9.056509,3.0253775
202,4.1218715,0.0,16.762218,8.561683,2.1607065
203,5.131907,0.0,27.63579,15.105389,3.7049706
204,3.635995,0.0,18.220547,11.179092,3.8591118
205,4.8368783,0.0,20.44047,10.599099,3.076228
206,4.285266,0.0,21.714352,11.470991,2.8527617
207,4.8848243,0.0,24.816898,13.0685835,3.4750268
208,8.376221,0.0,39.57119,22.070368,7.182512
209,3.8098102,0.0,19.244652,11.3482,3.9936683
210,4.7242756,0.0,22.162472,13.3043165,4.6234407
211,2.9624107,0.0,14.669275,8.912069,3.2131457
212,6.1886044,0.0,29.270145,16.41179,5.5860796
213,3.4384885,0.0,16.87756,10.026581,3.5106788
214,4.837576,0.0,18.470737,9.0568285,2.4487097
215,5.260553,0.0,26.217102,15.470841,5.01223
216,4.415502,0.0,20.90867,11.703309,4.4535737
217,7.659438,0.0,34.13256,19.736382,6.4145403
218,9.2518215,0.0,38.711697,18.807014,5.8064127
219,6.4879017,0.0,33.340305,18.37253,4.3859196
220,8.548474,0.0,34.278004,16.684456,5.122505
221,3.8257816,0.0,19.038473,11.205266,3.810353
222,4.4643545,0.0,21.602104,12.522398,4.1672497
223,6.0592065,0.0,28.760164,16.04348,5.128604
224,5.7992377,0.0,27.840094,15.873283,5.06618
225,7.1199265,0.0,34.013355,19.098959,5.694959
226,6.905734,0.0,36.639275,19.590683,5.2838483
227,6.652384,0.0,26.97296,13.387574,3.9560826
228,6.2128763,0.0,28.945683,14.792664,4.896972
229,7.408049,0.0,34.13439,18.376825,5.5595794
230,7.427533,0.0,35.23659,19.759174,6.3703756
231,6.6827397,0.0,33.66075,17.529305,4.9238663
232,5.9740863,0.0,30.694708,16.51029,4.2788796
233,3.8391278,0.0,18.67886,11.161304,4.156575
234,5.449177,0.0,20.849375,9.952203,2.956113
235,5.927133,0.0,29.808865,16.61276,5.675494
236,6.7819715,0.0,34.36839,18.55032,5.1477885
237,5.7061296,0.0,22.49041,11.26671,3.031253
238,8.081376,0.0,32.111336,15.144599,5.0532594
239,6.9476953,0.0,35.951363,18.766497,4.9714274
240,7.339308,0.0,29.969893,15.138929,4.089608
241,5.085543,0.0,25.280573,14.453104,4.753336
242,5.072604,0.0,24.862967,14.351447,4.8004627
243,6.191928,0.0,31.890427,16.671286,4.3352222
244,5.4971085,0.0,20.352695,9.702938,2.8284688
245,6.946571,0.0,27.82401,13.564222,4.0193734
246,3.8301966,0.0,19.831333,12.130404,4.091155
247,4.0804634,0.0,13.490173,6.1004596,1.7107612
248,3.5906029,0.0,17.449139,10.62754,3.6005929
249,5.0883923,0.0,19.373337,9.268972,2.6893032
250,2.9184735,0.0,14.450063,9.089814,2.8752673
251,4.141704,0.0,16.061565,7.820294,2.2582371
252,3.6629548,0.0,17.919487,10.813302,3.8009071
253,5.2184467,0.0,19.942755,9.705617,2.6436348
254,5.5309644,0.0,23.097351,11.38052,3.4564102
255,5.1762285,0.0,18.556866,8.709494,2.5832875
256,5.054587,0.0,20.006107,9.943533,2.7778003
257,5.059343,0.0,20.599237,10.244998,2.9842927
258,3.8306916,0.0,18.778639,11.416331,4.109079
259,6.196144,0.0,23.619066,11.152662,3.3855326
260,3.743135,0.0,18.787554,11.706291,4.0833435
261,5.64559,0.0,21.00116,9.916356,3.0056398
262,4.4299135,0.0,21.889341,13.086067,4.491449
263,6.353945,0.0,23.678934,11.490572,3.3338408
264,7.025238,0.0,27.663977,13.609544,3.97353
265,4.5684295,0.0,22.91971,13.571037,4.388306
266,5.3088183,0.0,20.537878,10.083855,2.991413
267,8.178088,0.0,34.610634,16.835175,5.1053343
268,5.4292097,0.0,26.709896,15.448255,5.1415744
269,3.92765,0.0,19.114674,11.821805,4.1219487
270,5.8023825,0.0,21.241116,10.072995,3.0557802
271,5.2655697,0.0,25.22778,14.229978,4.931408
272,5.699578,0.0,26.602041,15.587943,5.038067
273,7.116917,0.0,29.115349,14.238405,4.1632805
274,7.4003897,0.0,28.69901,13.41468,4.338946
275,4.6478624,0.0,22.730312,13.2064295,4.048812
276,3.8971386,0.0,19.297132,11.929767,4.5409718
277,6.1605787,0.0,22.035358,10.1765585,2.9586685
278,5.2749605,0.0,19.71926,9.396274,2.8050745
279,6.6062846,0.0,26.347559,12.879044,3.7383094
280,5.000454,0.0,24.246498,14.303757,4.9463844
281,4.149242,0.0,20.838123,12.108925,4.4214115
282,5.675821,0.0,22.532906,11.035704,3.231151
283,2.3916929,0.0,12.862379,8.461795,3.287822
284,4.528743,0.0,14.833103,6.7698064,1.9396963
285,3.2843487,0.0,16.664234,10.249208,3.43579
286,4.68755,0.0,18.231508,8.85014,2.7586794
287,6.7799683,0.0,28.220259,14.202755,4.1652904
288,2.1398978,0.0,11.235668,7.6529837,3.0356324
289,4.1612253,0.0,13.509436,6.2181983,1.5526807
290,3.446949,0.0,17.48848,10.760995,3.9900544
291,5.4558825,0.0,19.596392,9.214066,2.6305058
292,2.6183548,0.0,13.171511,8.609025,3.050493
293,3.2079787,0.0,15.888814,9.591812,3.4934142
294,4.7451468,0.0,17.630056,8.551402,2.310872
295,2.852301,0.0,14.237325,9.086036,3.3871286
296,4.4893813,0.0,14.929016,6.9408946,1.9530483
297,4.3638296,0.0,21.12504,12.742264,4.2906995
298,5.1061664,0.0,25.002785,14.611591,4.890727
299,2.9955673,0.0,15.328243,9.6754875,3.5856369
300,4.2188582,0.0,20.491966,12.252824,4.302949
301,5.926685,0.0,22.400866,10.686791,3.3152945
302,1.8776501,0.0,9.9118,6.7246175,2.5767167
303,3.4682941,0.0,11.5872345,5.5415297,1.4759706
304,6.2078075,0.0,29.149458,16.192154,5.7478743
305,5.212344,0.0,25.391068,14.976989,5.227753
306,7.579213,0.0,27.645779,13.065405,3.7664921
307,7.409405,0.0,34.766777,19.50818,6.6526427
308,5.000546,0.0,24.995493,14.466922,5.191512
309,6.8951797,0.0,27.05397,12.982715,3.9293933
310,7.564194,0.0,36.607517,20.347994,7.058538
311,2.7444725,0.0,14.305475,9.079037,3.5081918
312,4.7660522,0.0,16.215199,7.511229,2.197716
313,6.197183,0.0,22.576674,10.440498,3.0270736
314,3.4075313,0.0,15.50806,8.196865,2.8011808
315,2.9639654,0.0,15.210577,9.647039,3.309185
316,2.8510926,0.0,12.837275,6.763301,2.2848008
317,2.5980341,0.0,11.885287,6.412422,2.1806505
318,4.874164,0.0,23.399986,13.023327,4.64581
319,7.506796,0.0,36.260086,19.765371,6.3891635
320,6.5513573,0.0,30.190033,16.695904,5.870859
321,5.9845495,0.0,29.249378,16.242018,5.502801
322,7.193598,0.0,29.335657,13.976451,4.5651016
323,4.761023,0.0,23.608543,13.311193,4.5270133
324,7.1251826,0.0,29.97774,15.145563,4.210335
325,5.289804,0.0,26.276659,15.154538,4.777276
326,5.1412587,0.0,20.278936,10.040747,2.8484762
327,6.335592,0.0,25.833372,13.0644455,3.766488
328,5.6719785,0.0,26.134354,15.336506,5.1033406
329,8.070706,0.0,35.870552,20.667568,5.932307
330,8.00575,0.0,37.61881,20.492567,6.712882
331,6.644304,0.0,27.405544,13.76955,4.2672086
332,7.678057,0.0,35.159344,19.60987,6.125248
333,5.422469,0.0,26.034176,15.059687,5.149944
334,6.8175445,0.0,31.575266,17.82486,5.7708716
335,4.128666,0.0,20.477526,12.192699,4.3267083
336,6.044965,0.0,22.610935,10.645752,3.1444225
337,8.335881,0.0,43.56591,23.410803,5.4118347
338,7.6356015,0.0,36.080677,19.684639,6.801677
339,5.217779,0.0,25.465893,14.183483,4.569984
340,3.3127182,0.0,16.222006,10.023866,3.6788387
341,6.6972017,0.0,25.552715,11.891227,3.7731073
342,6.8780737,0.0,26.571388,12.65199,3.7714164
343,5.255623,0.0,20.529387,9.967258,3.082362
344,4.6491365,0.0,18.243296,8.975092,2.5979493
345,2.7120574,0.0,13.421848,8.489725,2.9869874
346,4.654052,0.0,17.594835,8.539845,2.355388
347,5.2851825,0.0,25.137573,14.039592,4.8869953
348,4.7077675,0.0,22.004934,13.549922,4.6962986
349,3.9466434,0.0,20.12679,11.9500065,3.8674397
350,6.902456,0.0,32.133247,18.163357,6.085398
351,8.594945,0.0,34.92777,16.478783,5.1608014
352,6.2860603,0.0,35.45549,19.30743,4.302829
353,2.2265773,0.0,11.728302,7.8602223,2.9350374
354,5.482059,0.0,27.320257,15.6389265,5.5199943
355,4.747229,0.0,22.71844,13.222786,4.6303296
356,2.9295382,0.0,14.358142,9.34702,3.5761943
357,3.170371,0.0,15.95989,9.886687,3.4885392
358,7.0823154,0.0,33.78535,19.03157,6.4332504
359,5.9331965,0.0,28.046692,16.49836,5.01562
360,6.87042,0.0,36.717854,19.779041,5.075874
361,5.528652,0.0,22.700928,11.207088,3.2372396
362,5.2822046,0.0,30.19007,16.926144,3.709925
363,6.213942,0.0,23.248716,11.110621,3.1277995
364,4.527287,0.0,16.711391,7.865481,2.3018105
365,5.7450347,0.0,21.524769,10.526272,2.9479234
366,5.6901007,0.0,18.7305,8.498841,2.4958515
367,4.525798,0.0,13.25358,6.118015,1.364832
368,3.0786529,0.0,15.741906,9.933198,3.6793303
369,4.509835,0.0,15.157916,6.8462687,1.9609271
370,5.56141,0.0,22.049126,10.824637,3.1325119
371,4.080784,0.0,20.541794,12.3859215,4.158601
372,5.7308736,0.0,18.909662,8.404829,2.4515367
373,2.465427,0.0,12.5150795,8.201158,3.240448
374,4.9480615,0.0,17.024145,7.8232737,2.2667181
375,5.3107996,0.0,18.926336,8.877845,2.5911946
376,2.3224146,0.0,11.755442,7.7466497,3.264427
377,4.4590416,0.0,14.047961,6.314435,1.6706911
378,4.492503,0.0,13.7544985,6.2903085,1.6547765
379,6.0686307,0.0,29.633259,17.004597,5.324001
380,4.3890166,0.0,21.797825,13.145319,4.4448533
381,3.4030406,0.0,16.776854,10.321131,3.650598
382,5.1390452,0.0,18.745186,8.925677,2.5054007
383,2.7729256,0.0,13.767598,8.803821,3.438567
384,2.945916,0.0,14.512599,9.165995,3.4604654
385,4.6889577,0.0,16.87133,7.856542,2.190799
386,2.9922523,0.0,13.692839,7.338202,2.5108597
387,3.296474,0.0,15.213637,8.263264,3.0916674
388,2.536654,0.0,11.463681,6.198094,2.145907
389,3.3192325,0.0,14.908344,7.857849,2.791
390,2.7235298,0.0,12.393376,6.688419,2.358739
391,3.0289495,0.0,14.196167,7.650487,2.631587
392,4.1491466,0.0,21.056791,12.169372,4.0792217
393,3.2860577,0.0,15.315654,8.226097,2.845052
394,6.1310506,0.0,29.454235,16.062122,5.318395
395,3.7575967,0.0,18.806717,11.07993,3.5425668
396,5.5201755,0.0,27.219149,15.069368,5.4441195
397,6.693988,0.0,32.55573,17.850338,5.800438
398,5.1809564,0.0,30.02316,17.021454,3.4863317
399,6.3726296,0.0,30.003475,16.824724,5.4105587
400,5.796993,0.0,33.573185,18.901968,3.8376873
401,6.0200596,0.0,29.776772,16.923246,5.57795
402,3.9847035,0.0,19.53446,11.396256,3.9459004
403,4.301364,0.0,25.528933,14.618445,2.787882
404,4.1499786,0.0,19.819408,11.45887,3.902981
405,4.204483,0.0,22.839127,12.300888,2.7710485
406,5.45934,0.0,31.333757,17.794777,3.678756
407,3.7777514,0.0,22.0302,12.3067665,2.6041484
408,4.39277,0.0,27.280794,15.41712,3.081917
409,7.148745,0.0,33.824295,18.60493,5.8594236
410,5.1384015,0.0,24.473444,13.929517,4.6443133
411,4.8201714,0.0,27.474022,15.385028,3.3533661
412,5.2437325,0.0,30.592585,16.944193,3.6339056
413,6.176033,0.0,30.334255,16.651567,5.9149823
414,8.045033,0.0,32.570423,14.992602,4.889099
415,5.985163,0.0,29.024124,16.022635,5.4684734
416,3.4070807,0.0,17.523918,10.141034,3.817385
417,4.94559,0.0,18.722366,8.997485,2.752671
418,2.992229,0.0,19.951847,11.913551,1.8269536
419,7.6566734,0.0,37.294994,20.05543,6.678774
420,7.2371454,0.0,41.01645,22.180155,5.007001
421,4.5097265,0.0,22.76875,12.65192,4.4942756
422,5.724008,0.0,23.915073,11.920663,3.5567727
423,4.270738,0.0,25.250967,14.171384,3.1510684
424,6.669283,0.0,37.102016,20.351702,4.325475
425,5.4235616,0.0,32.50735,18.138006,3.9943779
426,5.2009187,0.0,29.568594,17.04484,3.2290459
427,7.7855477,0.0,37.026283,20.368738,6.03409
428,6.1678147,0.0,35.480812,19.455095,4.585647
429,3.6839921,0.0,24.656265,14.326895,2.4460435
430,6.122151,0.0,36.574898,20.388784,4.8462687
431,5.5871243,0.0,26.718084,14.854722,4.8733
432,7.178998,0.0,37.731438,20.703135,4.7039075
433,7.5051913,0.0,36.08289,19.488651,7.443868
434,8.091601,0.0,39.08645,21.307472,6.9983754
435,6.776754,0.0,33.058643,17.850908,5.79337
436,7.57024,0.0,35.29582,20.117352,6.6608434
437,5.771947,0.0,32.607166,17.756962,4.08023
438,5.41489,0.0,31.988712,17.734804,3.772884
439,6.3402753,0.0,30.975351,17.515127,5.74237
440,5.9258714,0.0,33.283054,18.470657,4.1983366
441,5.513919,0.0,32.17091,17.806831,3.6999865
442,7.133358,0.0,38.628468,20.908775,4.8810844
443,6.7165465,0.0,35.840458,20.336609,4.3561716
444,5.123846,0.0,29.277468,16.036861,3.666572
445,5.728035,0.0,33.55488,18.437878,3.9373507
446,6.0156827,0.0,33.09441,18.390171,4.2891517
447,7.1361375,0.0,34.522556,19.04994,6.390263
448,4.88769,0.0,31.633768,18.145353,3.2027512
449,5.1869407,0.0,32.65744,18.57202,3.4382617
450,3.7358027,0.0,18.100813,10.848258,3.9337099
451,5.2648087,0.0,20.088364,9.457027,3.0973144
452,3.2822995,0.0,22.23732,13.110803,2.0028956
453,6.9483666,0.0,27.48252,12.578436,4.323079
454,5.637193,0.0,33.217724,18.408497,4.055656
455,6.8790765,0.0,37.663403,20.523836,4.6694393
456,5.487273,0.0,30.73743,16.729982,3.904959
457,6.466012,0.0,31.140099,17.570583,6.0735617
458,3.0750747,0.0,20.509974,11.87403,1.8234435
459,5.272953,0.0,25.40391,14.731755,4.7425714
460,6.781937,0.0,27.655523,13.003497,4.2396455
461,4.7811117,0.0,29.212036,16.385426,3.4169872
462,5.7663574,0.0,35.208,19.673534,3.7388484
463,4.266273,0.0,26.750713,15.3106365,3.0837958
464,4.4520783,0.0,27.141068,15.201554,3.0185254
465,4.5736957,0.0,22.354958,13.058291,4.4955606
466,4.379911,0.0,27.491251,15.819098,2.965858
467,5.0290475,0.0,28.955206,16.057636,3.7502644
468,5.5440273,0.0,21.958387,10.219305,3.3412712
469,4.0853868,0.0,25.738123,14.879725,2.6646461
470,4.3244424,0.0,26.951302,15.567314,2.822723
471,3.6044588,0.0,18.06175,10.926373,3.7206612
472,4.411194,0.0,28.222364,16.344265,2.9840045
473,6.010445,0.0,33.50404,18.12926,4.308134
474,4.359312,0.0,27.01877,15.254691,2.998702
475,3.8105235,0.0,21.88327,12.126898,2.487676
476,5.5310826,0.0,26.602966,15.19608,4.734737
477,5.6765723,0.0,21.216505,9.526668,3.1764004
478,3.2458436,0.0,19.9702,11.328324,2.0509377
479,4.6973195,0.0,22.714737,12.884126,4.271231
480,4.1995773,0.0,15.608462,6.9998355,2.331581
481,2.754292,0.0,16.583393,9.465577,1.7231021
482,5.793178,0.0,22.497047,10.251647,3.4997518
483,3.8174615,0.0,24.138788,13.754613,2.5023046
484,4.0105605,0.0,22.809332,12.605478,2.7777812
485,5.097545,0.0,24.386702,14.182008,4.744523
486,5.433671,0.0,29.197935,16.254284,3.8756788
487,7.58429,0.0,39.76121,21.089663,5.783866
488,2.6793125,0.0,12.887263,7.356024,2.7237587
489,3.8281815,0.0,14.133478,6.3750725,2.119807
490,2.4925559,0.0,15.215011,8.720437,1.4678675
491,5.7922997,0.0,33.08539,18.602148,3.9936965
492,2.9583707,0.0,17.783674,10.000998,1.8343298
493,3.9463406,0.0,24.029634,13.701266,2.6229544
494,6.5257263,0.0,25.45301,11.47448,4.042152
495,2.534703,0.0,15.67721,9.022152,1.5263362
496,5.582957,0.0,20.839024,9.161196,3.1418486
497,3.3140514,0.0,22.151524,13.129085,2.0428963
498,4.8375907,0.0,28.360872,15.917238,3.3009
499,6.241104,0.0,33.513443,18.310503,4.246203
500,3.8087566,0.0,19.03092,11.376507,3.8015592
501,6.1118054,0.0,30.230488,17.188135,5.948872
502,8.030353,0.0,32.06813,15.640858,4.7544055
503,5.2780275,0.0,22.00887,10.476153,3.430512
504,3.9424963,0.0,22.723688,13.055612,2.5768638
505,7.894991,0.0,43.707638,23.53963,5.832219
506,5.745884,0.0,31.03217,16.688997,4.2347054
507,5.690686,0.0,21.224104,9.559991,3.1409428
508,3.386388,0.0,22.76757,13.346221,2.2914839
509,5.131713,0.0,28.370605,16.20518,3.3962526
510,3.966251,0.0,14.270039,6.1862707,2.131275
511,2.2875788,0.0,15.61636,9.206982,1.2200683
512,4.528967,0.0,26.869661,14.812469,2.8373485
513,5.295532,0.0,25.452433,14.481497,4.437242
514,3.4775295,0.0,17.510952,10.164055,3.3558214
515,3.4342818,0.0,19.9568,11.137998,2.3367786
516,6.005159,0.0,24.273693,11.262398,3.7864063
517,2.8380065,0.0,18.569304,10.775794,1.8564332
518,4.8563914,0.0,29.4338,16.537462,3.298052
519,3.6973095,0.0,18.343609,10.980667,3.6691484
520,3.5466557,0.0,21.723614,12.267828,2.282046
521,7.4521065,0.0,29.597467,13.915615,4.3403826
522,5.3072405,0.0,31.624279,17.83135,3.319386
523,4.4659095,0.0,26.19669,15.032006,2.934561
524,3.5038257,0.0,18.968386,10.317127,2.3196054
525,6.9371357,0.0,29.599129,14.131821,4.707692
526,3.3689559,0.0,21.202868,12.1350155,2.2325804
527,3.1937327,0.0,15.994977,9.794283,3.1511548
528,3.1409204,0.0,19.084259,10.800308,2.020908
529,5.2348056,0.0,25.830904,14.735899,4.886389
530,4.859412,0.0,17.345085,7.488396,2.6515195
531,2.6821604,0.0,18.934391,11.432693,1.4559101
532,6.608928,0.0,33.874985,18.399033,4.514639
533,6.750525,0.0,33.35164,18.360943,5.933836
534,6.335287,0.0,33.836292,18.125095,4.822655
535,3.467551,0.0,17.27024,10.248919,3.6224802
536,3.456836,0.0,20.576561,11.548454,2.1782725
537,3.838243,0.0,22.061697,12.226821,2.6095748
538,4.226465,0.0,24.232748,13.359382,2.8200512
539,4.3932157,0.0,20.95788,12.081736,4.0708933
540,4.1438007,0.0,23.74913,13.375214,2.8536623
541,7.019081,0.0,37.049896,19.437744,4.6953483
542,4.648346,0.0,18.421583,8.579858,2.6853166
543,3.0581656,0.0,19.549168,11.260273,2.0024045
544,5.6151695,0.0,31.3484,17.046803,4.238897
545,7.1124315,0.0,40.3304,22.98712,4.547302
546,6.4806337,0.0,35.632305,19.302605,4.779725
547,5.442008,0.0,31.738016,17.744127,3.7646866
548,5.6483774,0.0,31.59875,17.427637,4.0642557
549,5.5428057,0.0,26.593151,15.26061,5.335549
550,5.504183,0.0,30.725212,16.618284,3.759281
551,9.248498,0.0,36.083073,15.983049,5.7576547
552,4.308343,0.0,24.404297,13.445038,2.9300077
553,5.767624,0.0,31.499464,17.812426,3.7393596
554,5.5994325,0.0,31.225777,16.95044,3.8714688
555,6.615464,0.0,37.314163,20.26228,4.7716017
556,7.608484,0.0,37.479237,20.434237,6.7223134
557,6.761962,0.0,32.46929,17.806513,5.7400384
558,6.691983,0.0,34.17265,19.351469,4.3254476
559,5.0259466,0.0,29.227806,16.388449,3.4369054
560,6.5285306,0.0,37.91581,20.864088,4.5445766
561,6.650782,0.0,31.707935,17.21262,5.4535823
562,6.078706,0.0,32.08017,17.063665,4.388416
563,7.7948923,0.0,43.255184,23.262974,5.715326
564,4.3283186,0.0,21.697752,12.388194,3.8152046
565,4.0863557,0.0,23.905296,13.59543,2.7639778
566,4.2209296,0.0,23.51282,13.258257,3.0083
567,7.0662255,0.0,33.014324,18.727976,5.757611
568,3.9673939,0.0,20.01868,11.971292,4.1559176
569,5.6522884,0.0,21.639425,10.597624,3.0769036
570,3.5865412,0.0,24.00402,14.286989,2.0846708
571,3.2906594,0.0,22.996403,13.547628,2.120163
572,4.7659965,0.0,23.185709,12.941109,4.024483
573,4.411793,0.0,25.451557,14.182059,3.1766226
574,6.0059853,0.0,28.855896,15.816697,5.0172634
575,5.695586,0.0,32.166943,18.113848,3.7461805
576,5.5309424,0.0,27.575474,15.466228,4.986788
577,7.396305,0.0,37.012016,21.421366,4.080922
578,5.433293,0.0,33.302227,18.695347,3.967179
579,6.5560174,0.0,37.48706,20.884235,4.6864867
580,4.5903454,0.0,23.481327,13.508222,4.332649
581,4.2534547,0.0,26.801445,15.363655,2.8032484
582,5.9499807,0.0,33.954273,19.090334,3.9147494
583,3.4763274,0.0,17.477127,9.85092,3.45983
584,2.6999826,0.0,20.76667,12.736639,1.448537
585,6.8846083,0.0,39.093857,21.17433,4.9920974
586,6.7692356,0.0,35.777695,18.904978,4.8758225
587,5.5726833,0.0,30.716103,17.235754,3.868246
588,6.493422,0.0,31.52424,17.557701,5.4195967
589,6.2386045,0.0,34.323517,19.3429,3.807451
590,5.79508,0.0,28.550245,15.624549,5.1343913
591,5.122772,0.0,30.578186,17.502846,3.1256745
592,7.52631,0.0,41.442375,22.152796,5.059516
593,4.569748,0.0,28.79563,16.393902,3.2211635
594,5.044889,0.0,29.064005,16.539938,3.1147795
595,5.8304663,0.0,29.152052,16.42662,5.288575
596,7.1311836,0.0,35.582043,18.975454,6.544127
597,7.156851,0.0,32.635876,19.670485,5.767891
598,6.5592213,0.0,38.565372,21.242294,4.2415485
599,4.6510806,0.0,22.840055,12.716804,4.576505
600,6.566837,0.0,24.200142,11.203645,3.3649821
601,3.9374232,0.0,26.443445,15.5786915,2.4521422
602,5.494457,0.0,30.879843,16.771688,3.8530185
603,3.6473477,0.0,18.936735,11.249414,3.9019477
604,3.3443584,0.0,22.593357,13.296019,2.0763714
605,5.5539684,0.0,33.305054,18.627922,3.6790087
606,5.404406,0.0,26.784517,15.011251,4.9865036
607,4.082179,0.0,25.198708,14.215284,2.7205763
608,3.6557949,0.0,18.898335,10.987904,3.7987483
609,3.224175,0.0,16.036945,8.965553,3.103369
610,2.7963474,0.0,18.35216,10.703008,1.714133
611,3.704428,0.0,23.5682,13.520761,2.50404
612,3.56987,0.0,17.488056,9.977555,3.165757
613,3.1410112,0.0,20.038343,11.545216,2.0282195
614,3.0366025,0.0,14.921713,8.879966,2.986997
615,4.3903794,0.0,16.620632,7.4375205,2.5246372
616,2.5659251,0.0,17.790134,10.581781,1.6583846
617,4.5754304,0.0,23.173424,13.009777,4.1450796
618,5.822609,0.0,21.738451,10.298145,3.0369775
619,3.397047,0.0,24.34299,14.337713,2.0919638
620,4.9964,0.0,25.663221,14.513617,4.531518
621,3.3687162,0.0,17.275364,10.001269,3.3586133
622,4.8550634,0.0,18.794153,8.468038,2.9240518
623,3.150696,0.0,20.029194,11.5192995,2.0141497
624,4.609698,0.0,28.09249,15.917287,3.2740338
625,2.6242223,0.0,12.65815,7.186918,2.6445131
626,2.1282656,0.0,15.420449,9.235975,1.1326323
627,2.8475375,0.0,20.331888,12.197099,1.6086031
628,2.9780436,0.0,15.166065,8.897772,3.395951
629,4.8355684,0.0,16.940746,7.199263,2.5635657
630,2.4374146,0.0,18.756243,11.546438,1.2508912
631,4.106948,0.0,20.841484,11.949417,3.7422068
632,3.1404448,0.0,20.917528,12.1587515,1.99395
633,6.280988,0.0,24.458292,10.934575,3.8164682
634,3.4273899,0.0,17.450855,10.485913,3.6372185
635,2.9809618,0.0,21.285713,12.746111,1.677168
636,2.815486,0.0,14.110464,8.813129,3.220002
637,4.5135384,0.0,16.086512,7.289941,2.267539
638,2.341571,0.0,17.897999,11.001942,1.3458208
639,2.3783906,0.0,18.020945,11.18914,1.2392286
640,2.5292988,0.0,18.13028,10.841897,1.6112826
641,3.058882,0.0,22.245665,13.223751,1.8679436
642,3.3335185,0.0,16.948845,10.148038,3.7001383
643,2.8360226,0.0,21.914345,13.269291,1.7073879
644,5.695256,0.0,27.009426,14.997905,4.7482467
645,5.8752007,0.0,32.838726,17.821314,4.272478
646,2.5783165,0.0,12.681298,7.3192577,2.7417557
647,1.7392125,0.0,15.946058,10.213508,0.7427825
648,2.5837665,0.0,18.786135,11.447861,1.4297124
649,4.7957206,0.0,23.023645,12.271074,4.2338843
650,3.924677,0.0,25.94141,15.214327,2.2821815
651,3.430178,0.0,23.058712,13.522191,2.1591358
652,3.1813908,0.0,15.18931,8.349418,2.8888416
653,4.213343,0.0,16.321028,7.3804984,2.4880052
654,2.397352,0.0,17.42284,10.637985,1.4603931
655,6.4294534,0.0,26.831385,13.578661,3.8638518
656,4.941533,0.0,28.532768,15.985376,3.3914459
657,4.4137177,0.0,22.202538,12.646484,4.380213
658,4.049291,0.0,25.431282,14.989698,2.3935006
659,4.998825,0.0,17.897694,8.205728,2.6074479
660,2.7384079,0.0,20.311325,12.318772,1.4274753
661,2.9287887,0.0,14.29069,8.068692,2.921404
662,2.2774572,0.0,17.102633,10.500625,1.1803536
663,4.2832885,0.0,21.14498,11.879154,3.8151586
664,4.0033507,0.0,23.657234,13.242413,2.6797833
665,3.348823,0.0,17.144735,10.050822,3.298725
666,5.1640787,0.0,18.077261,8.216865,2.5341032
667,2.7157378,0.0,20.640114,12.405127,1.4731358
668,3.3032973,0.0,23.537523,13.960594,1.9929498
669,4.169867,0.0,20.945662,11.861382,3.953221
670,6.0644684,0.0,21.777588,10.155513,3.102874
671,3.5919626,0.0,24.14965,14.161798,2.2493656
672,4.657011,0.0,17.892672,8.839394,2.3837094
673,2.892785,0.0,19.716055,11.858741,1.6676939
674,3.991005,0.0,26.304176,15.261665,2.5997453
675,4.466871,0.0,23.089722,13.029747,4.312017
676,5.4738555,0.0,24.0183,12.244058,3.688238
677,4.327829,0.0,25.384422,14.498113,2.8719003
678,7.1450167,0.0,40.74298,22.500147,4.512874
679,3.6464982,0.0,24.501726,14.338689,2.6013188
680,3.8120244,0.0,19.264374,11.256095,3.908452
681,3.6761577,0.0,18.074318,10.032917,3.6236413
682,2.7877462,0.0,21.549673,12.994231,1.61126
683,5.5805383,0.0,33.99955,18.972494,3.922601
684,4.5503936,0.0,14.663714,6.54304,1.8882018
685,2.0451674,0.0,17.19159,10.954823,0.7361997
686,3.7305853,0.0,25.34592,14.7982,2.3332055
687,9.313568,0.0,36.843636,16.478006,5.8616066
688,4.7623405,0.0,28.612797,16.241825,3.3722422
689,4.9120855,0.0,31.081568,18.182163,3.1028244
690,8.61311,0.0,34.235023,15.377061,5.4517956
691,4.9390526,0.0,30.81111,17.447992,3.5172784
692,4.704919,0.0,22.416187,13.009337,3.9287074
693,6.3628316,0.0,23.82568,10.995462,3.5333004
694,3.9697638,0.0,25.746534,15.231861,2.4789338
695,5.9384484,0.0,23.911959,11.776854,3.5125685
696,4.0519896,0.0,25.834522,14.863484,2.832088
697,3.4388115,0.0,24.677599,14.683583,1.9736785
698,3.0368576,0.0,14.499299,8.150537,3.0130117
699,4.3508315,0.0,15.954656,6.9558015,2.4545376
700,2.5513847,0.0,17.347538,10.163762,1.517475
701,4.344864,0.0,27.028185,15.304562,3.1155608
702,4.73,0.0,22.975883,12.995146,4.168006
703,5.827507,0.0,20.899681,9.677957,2.8862183
704,3.4586198,0.0,23.118803,13.584475,2.091809
705,6.38918,0.0,24.8522,12.223076,3.3665402
706,4.4783006,0.0,26.656874,15.443252,2.6504788
707,2.93474,0.0,22.556755,13.574308,1.6304611
708,2.8810933,0.0,19.821728,11.801637,1.6625701
709,3.143716,0.0,15.992768,9.3782015,3.2472658
710,4.600754,0.0,27.992786,15.940909,3.2596645
711,7.0291176,0.0,27.302217,12.155578,4.2038713
712,4.637209,0.0,28.480143,16.302895,3.1176658
713,5.100945,0.0,29.819902,16.796833,3.663625
714,8.830088,0.0,34.880276,15.538309,5.413571
715,3.740737,0.0,24.74867,14.27002,2.519794
716,2.0225074,0.0,17.191582,10.937368,1.025351
717,3.6348095,0.0,17.898825,10.413996,3.3274693
718,3.0053375,0.0,21.204878,12.603026,1.7807586
719,3.3051457,0.0,16.506557,9.685458,3.419109
720,5.1663017,0.0,18.643986,7.859744,2.7500477
721,2.613731,0.0,20.319992,12.303343,1.4794873
722,2.8435264,0.0,20.708939,12.3607025,1.6346601
723,5.435993,0.0,25.890182,14.551725,4.454156
724,5.157604,0.0,30.125467,16.77639,3.6222217
725,2.0221949,0.0,16.21243,10.087924,0.9938066
726,1.6346503,0.0,15.91734,10.493165,0.47184968
727,2.9437065,0.0,14.465094,9.054915,3.427268
728,4.884243,0.0,16.865591,7.3486886,2.3213837
729,2.2725885,0.0,18.903273,11.99353,1.1134899
730,2.6652277,0.0,13.209952,7.6153345,2.7864888
731,1.9586568,0.0,16.233225,10.261641,0.9037638
732,2.9880579,0.0,21.939516,13.237815,1.8060757
733,4.6765637,0.0,15.421986,6.5711107,2.1160486
734,2.001082,0.0,17.73739,11.353593,0.7434249
735,2.5708153,0.0,20.085596,12.27044,1.4111551
736,4.952548,0.0,17.058802,7.8483353,2.305346
737,2.60412,0.0,19.377798,11.831706,1.3255234
738,8.5753565,0.0,33.257042,14.554766,5.237134
739,5.9929757,0.0,34.167915,19.215984,3.916169
740,1.9392791,0.0,17.822056,11.3991165,0.7388201
741,6.5051208,0.0,24.149706,10.370726,3.65412
742,3.8991132,0.0,25.3526,14.845816,2.4825108
743,4.7599535,0.0,28.710905,16.330866,3.5247853
744,6.623201,0.0,27.611532,12.944253,4.3258486
745,4.9806376,0.0,28.748045,16.021063,3.3134344
746,4.9964557,0.0,17.968838,7.7153697,2.6966085
747,2.771323,0.0,19.695227,11.617802,1.546836
748,3.8258598,0.0,24.552645,14.259034,2.532346
749,1.5156533,0.0,13.834177,8.844258,0.69290537
750,7.888807,0.0,32.986282,16.016834,4.7643237
751,5.9262567,0.0,34.614094,19.080025,4.2442217
752,4.739849,0.0,30.33804,17.262396,3.1516106
753,6.889611,0.0,39.01468,21.597485,4.943835
754,4.771775,0.0,28.50593,16.115566,3.523061
755,5.854128,0.0,32.824806,18.216604,4.0256786
756,6.850613,0.0,37.408566,20.740454,4.587871
757,4.8888855,0.0,24.091814,13.842699,4.441678
758,4.443126,0.0,27.204369,15.419729,3.2136579
759,6.28918,0.0,23.83425,11.354,3.4021964
760,3.9933414,0.0,26.24132,15.178995,2.4683702
761,2.5318942,0.0,18.57628,11.295208,1.4726796
762,1.4659925,0.0,14.255669,9.5405,0.46324915
763,3.5048227,0.0,24.357378,14.481513,2.0762043
764,4.185174,0.0,24.88909,14.101877,2.700033
765,2.5611012,0.0,18.520964,11.046701,1.4571326
766,3.6331005,0.0,24.55787,14.350432,2.455754
767,3.0371964,0.0,20.50309,12.183021,1.9698201
768,5.4636154,0.0,31.945904,17.754278,3.6918762
769,6.3208427,0.0,33.654575,18.61796,4.336911
770,5.5422487,0.0,32.55716,18.357641,3.7952151
771,6.5900874,0.0,25.810612,12.255462,3.9794285
772,4.480861,0.0,27.585592,15.834203,2.7965333
773,3.822685,0.0,24.46638,13.930164,2.392671
774,1.3414186,0.0,13.666737,9.189837,0.33012766
775,4.71655,0.0,16.12374,7.304742,2.064224
776,2.2013426,0.0,18.497341,11.613387,1.0388732
777,2.7087884,0.0,18.608597,10.954324,1.6815046
778,6.870474,0.0,38.292965,21.557056,4.67449
779,4.3225884,0.0,26.446072,15.050544,2.9318838
780,3.9048707,0.0,25.749308,15.021678,2.6626048
781,5.3947744,0.0,29.919046,16.861694,3.5681992
782,4.896474,0.0,28.802216,16.136362,3.4184067
783,2.1247036,0.0,9.281613,5.0913706,1.8452244
784,6.3020744,0.0,23.549772,10.741624,3.4743109
785,3.9291425,0.0,25.4525,14.941529,2.4103718
786,6.330121,0.0,35.736763,19.543634,4.408212
787,2.8592727,0.0,15.544035,8.542436,1.8232476
788,5.8718,0.0,32.009525,17.80104,3.9488509
789,5.4569783,0.0,31.739302,17.752676,3.8082302
790,5.9175854,0.0,33.033016,18.457952,3.7969687
791,7.0840893,0.0,38.70859,21.393208,4.7296553
792,4.04162,0.0,22.909266,13.057942,2.775124
793,2.8443408,0.0,19.961494,11.838733,1.7968609
794,4.8890753,0.0,17.47847,7.643632,2.5683558
795,2.7029293,0.0,19.057299,11.585321,1.4335355
796,3.0601468,0.0,20.580772,12.309511,1.9280418
797,5.5578094,0.0,31.838593,18.038376,3.5410807
798,3.2752097,0.0,15.273286,8.180959,2.7812161
799,6.044535,0.0,33.24221,18.400185,4.3624706
800,3.3612843,0.0,15.488645,8.238261,2.8370967
801,5.3043003,0.0,29.041601,16.70565,3.538403
802,3.0516713,0.0,14.210181,7.65026,2.6004117
803,6.3677535,0.0,30.339598,16.495243,5.7459393
804,7.46269,0.0,33.57021,18.738495,5.788332
805,5.5466084,0.0,22.271154,10.471061,3.501486
806,6.8804274,0.0,33.06588,18.572577,5.5486007
807,4.5494447,0.0,25.30202,13.994204,2.9895337
808,6.686982,0.0,32.262226,18.084713,5.5440674
809,6.6178565,0.0,25.305243,11.572092,3.8706179
810,5.3605003,0.0,25.891386,14.998524,5.153844
811,5.2167797,0.0,25.27606,14.782305,4.971518
812,6.2565346,0.0,30.977373,17.351213,5.751884
813,5.9841876,0.0,33.659924,18.465733,4.1396685
814,8.0056,0.0,37.19198,21.39236,3.859268
815,5.695686,0.0,29.162317,15.365138,4.1380467
816,4.17162,0.0,21.869896,11.7304325,2.9634366
817,6.9589486,0.0,35.816162,19.398891,4.983437
818,6.1571107,0.0,32.203457,17.563938,4.198705
819,6.2622848,0.0,30.632948,16.663597,5.682886
820,2.5498307,0.0,11.212848,5.810819,1.8130329
821,3.7378573,0.0,18.678095,10.648743,2.990023
822,2.8347805,0.0,12.599175,6.498738,2.0513444
823,2.2397559,0.0,9.725391,5.058623,1.556215
824,2.649253,0.0,11.574304,5.9932537,1.8870717
825,3.3727689,0.0,14.971909,7.6388545,2.4483714
826,6.4448905,0.0,30.967299,16.351252,4.6017103
827,5.6292,0.0,28.621052,15.607309,3.9546263
828,6.0144725,0.0,24.888353,11.883255,3.974919
829,5.6202025,0.0,26.919703,14.008898,4.586813
830,5.012676,0.0,24.881145,13.862528,4.265916
831,3.36959,0.0,15.805136,8.48269,2.9118898
832,2.5732877,0.0,11.273714,5.9837365,2.1137078
833,2.3682477,0.0,10.658109,5.7933826,1.9994453
834,3.6340475,0.0,17.087666,9.162017,3.221098
835,1.8364389,0.0,7.7638655,4.28835,1.5825346
836,1.9460161,0.0,8.515291,4.71816,1.7145431
837,1.9445856,0.0,8.566696,4.750322,1.6964977
838,3.5827663,0.0,17.5633,10.137693,3.1920757
839,1.47922,0.0,6.022399,3.3609464,1.2132406
840,1.5030583,0.0,6.271264,3.4950266,1.2005619
841,2.085101,0.0,9.047072,4.8647933,1.645889
842,3.091027,0.0,13.639639,7.0885086,2.3949559
843,1.9639204,0.0,8.041609,4.1705656,1.3562574
844,2.5919802,0.0,11.236328,5.8000197,1.8838805
845,7.2903113,0.0,37.291233,19.788086,5.144045
846,5.702747,0.0,27.747755,14.824753,4.6057367
847,3.8421793,0.0,17.677706,9.34325,3.3024457
848,3.8807776,0.0,17.756733,9.318619,3.1451838
849,2.6271708,0.0,11.33984,5.884886,2.0006447
850,6.555524,0.0,30.942635,16.453032,4.9759345
851,0.0,0.0,0.5146158,0.11206856,0.0
852,2.2488666,0.0,9.292317,4.6650767,1.4268416
